{"stats":{"minecraft:mined":{"minecraft:birch_log":5,"minecraft:short_grass":1,"minecraft:sand":11},"minecraft:crafted":{"minecraft:birch_planks":20,"minecraft:crafting_table":1,"minecraft:stick":8,"minecraft:wooden_pickaxe":1},"minecraft:used":{"minecraft:crafting_table":1},"minecraft:picked_up":{"minecraft:sand":11,"minecraft:birch_sapling":1,"minecraft:birch_log":5},"minecraft:custom":{"minecraft:jump":3,"minecraft:time_since_rest":2110,"minecraft:crouch_one_cm":213,"minecraft:leave_game":1,"minecraft:play_time":2110,"minecraft:time_since_death":2110,"minecraft:walk_one_cm":2499,"minecraft:sneak_time":233,"minecraft:total_world_time":2110,"minecraft:interact_with_crafting_table":1}},"DataVersion":3953}